edad,antiguedad_meses,saldo_promedio,reclamos,usa_app,churn
25,6,1200,3,0,1
34,24,3500,0,1,0
45,36,5000,1,1,0
22,4,800,4,0,1
52,60,7000,0,1,0
29,8,1500,2,0,1
40,30,4200,1,1,0
31,10,1600,3,0,1
48,48,6000,0,1,0
27,7,1100,4,0,1
36,26,3900,1,1,0
23,5,900,5,0,1
55,72,8200,0,1,0
33,14,2100,2,0,1
41,33,4600,0,1,0
30,9,1300,3,0,1
38,18,2500,2,1,1
29,15,2200,1,1,0
44,22,3200,2,0,1
35,20,3000,2,1,0
